"","yr","loc","lat","long","cpueN"
"1",2013,"St. Matthew Single",59.66573,-171.2584,68.4956761298033
"2",2013,"St. Matthew MTCA",60.00278,-171.96749,71.7952607118434
"3",2013,"St. Matthew MTCA",60.33519,-172.06416,621.399002662415
"4",2013,"St. Matthew Single",60.66075,-172.74584,568.291656267551
"5",2012,"St. Matthew Single",60.66328,-174.83175,131.979841353182
"6",2012,"St. Matthew Single",59.64946,-175.11082,133.417000527312
"7",2012,"St. Matthew Single",59.32384,-175.10441,278.692936223965
"8",2012,"St. Matthew Single",59.00085,-175.02598,607.262065278584
"9",2012,"St. Matthew Single",60.32943,-175.38922,66.1714663596885
"10",2012,"St. Matthew Single",59.00231,-174.36974,111.797152543702
"11",2012,"St. Matthew Single",59.00176,-173.72809,71.4592571094413
"12",2012,"St. Matthew Single",58.99813,-173.0896,67.8587506738032
"13",2012,"St. Matthew MTCA",59.33267,-173.79605,246.406910971389
"14",2012,"St. Matthew Single",59.33313,-174.44357,68.8970656113715
"15",2012,"St. Matthew MTCA",59.66675,-174.46034,211.086767579018
"16",2012,"St. Matthew MTCA",59.83193,-174.24326,855.919082007883
"17",2012,"St. Matthew MTCA",59.99915,-173.96742,212.500943751918
"18",1987,"St. Matthew MTCA",59.49233,-173.451,429.324564094722
"19",1987,"St. Matthew MTCA",59.66708,-173.23192,232.969286992068
"20",1987,"St. Matthew MTCA",59.81659,-173.54017,799.607495708733
"21",1987,"St. Matthew Single",60.668,-174.1035,155.786407281498
"22",1978,"St. Matthew Single",60.35167,-172.05167,835.602952088566
"23",1978,"St. Matthew Single",60.68167,-172.77417,2785.00899928259
"24",1978,"St. Matthew Single",60.67084,-173.46167,8312.40095044047
"25",1978,"St. Matthew Single",60.97917,-174.21084,116.848132533073
"26",1978,"St. Matthew Single",60.33417,-174.0225,159.914920795476
"27",1978,"St. Matthew Single",60.00167,-173.26583,3646.26742729556
"28",1978,"St. Matthew Single",60.0025,-172.59334,1772.27845408892
"29",1978,"St. Matthew Single",59.005,-173.11417,337.576848397889
"30",1993,"St. Matthew MTCA",60.33534,-172.06425,1190.18675533941
"31",1993,"St. Matthew MTCA",60.15392,-172.33542,1014.64441938002
"32",1993,"St. Matthew MTCA",60.00009,-171.97042,353.963260606008
"33",1993,"St. Matthew MTCA",59.83259,-172.256,216.02047624541
"34",1993,"St. Matthew MTCA",59.3355,-173.16342,237.46292188042
"35",1993,"St. Matthew MTCA",59.50017,-173.49084,339.650379589453
"36",1993,"St. Matthew MTCA",59.66192,-173.2365,1127.94887893199
"37",1993,"St. Matthew MTCA",59.8325,-173.56692,2036.76251116226
"38",1993,"St. Matthew MTCA",60.00084,-173.3005,219.077919847315
"39",1993,"St. Matthew MTCA",60.127,-173.75209,1693.20899918601
"40",1993,"St. Matthew Single",60.67217,-173.47334,379.777131602795
"41",1993,"St. Matthew Single",60.67434,-172.78292,1378.49118262881
"42",1993,"St. Matthew MTCA",60.338,-174.76292,737.546712722977
"43",1993,"St. Matthew MTCA",60.008,-174.61467,183.01313117405
"44",1993,"St. Matthew MTCA",59.66517,-174.4615,124.549955199697
"45",1993,"St. Matthew Single",59.32758,-174.45409,66.8988491373556
"46",2003,"St. Matthew MTCA",60.16113,-172.32401,844.926372403088
"47",2003,"St. Matthew MTCA",60.33271,-172.06461,69.6259539382439
"48",2003,"St. Matthew MTCA",60.32431,-173.42165,360.25018397927
"49",2003,"St. Matthew MTCA",60.12143,-173.77205,260.653582093906
"50",2003,"St. Matthew MTCA",60.00104,-173.3081,517.068212820111
"51",2003,"St. Matthew MTCA",59.83625,-173.58455,62.4249650077751
"52",2003,"St. Matthew MTCA",59.67517,-173.25511,125.365942473705
"53",2003,"St. Matthew MTCA",60.33656,-174.06525,57.6800533306912
"54",2012,"St. Matthew MTCA",59.99615,-174.59635,262.963908172597
"55",2012,"St. Matthew MTCA",60.1732,-174.35478,197.311653867257
"56",2012,"St. Matthew MTCA",60.3322,-174.07263,539.000867968469
"57",2012,"St. Matthew MTCA",60.12626,-173.76089,69.6807685380659
"58",2012,"St. Matthew MTCA",60.29105,-173.37638,1327.05431597699
"59",2012,"St. Matthew Single",60.66565,-173.4666,72.2161980891484
"60",2012,"St. Matthew Single",61.00191,-172.8191,66.0189467606814
"61",2012,"St. Matthew Single",60.67418,-172.78001,4783.16390084519
"62",2012,"St. Matthew MTCA",60.33642,-172.0577,528.999431742766
"63",2012,"St. Matthew MTCA",60.00045,-171.96607,74.7861067350202
"64",2012,"St. Matthew MTCA",59.66885,-171.92225,73.1389948538394
"65",2012,"St. Matthew MTCA",59.66505,-172.56766,75.493053768323
"66",2012,"St. Matthew MTCA",59.33441,-172.51705,148.948041094839
"67",2012,"St. Matthew MTCA",59.50729,-172.9128,1008.30893194818
"68",2012,"St. Matthew MTCA",60.0051,-173.25834,82.3443016597768
"69",2012,"St. Matthew MTCA",59.83124,-173.56909,352.042575893956
"70",2012,"St. Matthew MTCA",59.66621,-173.86171,736.688940555211
"71",2012,"St. Matthew MTCA",59.49998,-173.50504,676.396517433094
"72",2012,"St. Matthew MTCA",59.67461,-173.25936,419.452372512531
"73",2012,"St. Matthew MTCA",60.1547,-172.9732,911.884014484266
"74",2012,"St. Matthew MTCA",59.82405,-172.88923,79.0954181548718
"75",1978,"St. Matthew Single",59.33417,-173.77,159.914920795476
"76",1978,"St. Matthew Single",59.33083,-173.115,303.855618941297
"77",1978,"St. Matthew Single",59.66667,-173.27,239.872381193215
"78",1978,"St. Matthew Single",59.66584,-173.89084,217.022987381134
"79",1978,"St. Matthew Single",59.68417,-174.41417,715.045243048642
"80",1978,"St. Matthew Single",60.00167,-174.57084,253.182636298417
"81",1978,"St. Matthew Single",59.99334,-173.92667,569.767741761
"82",1979,"St. Matthew Single",60.66167,-174.11667,101.285206313766
"83",1979,"St. Matthew Single",60.34084,-174.04417,101.285206313766
"84",1979,"St. Matthew Single",60.3275,-173.385,8646.76180744743
"85",1979,"St. Matthew Single",60.65083,-173.4125,1608.85179685944
"86",1979,"St. Matthew Single",60.66167,-172.79417,202.570412627531
"87",1979,"St. Matthew Single",60.33917,-172.03167,4937.987095262
"88",1979,"St. Matthew Single",60.00417,-171.97917,607.711237882593
"89",1979,"St. Matthew Single",59.99333,-172.61917,4157.78794068239
"90",1979,"St. Matthew Single",59.9975,-173.25584,1139.15102485684
"91",1993,"St. Matthew MTCA",59.498,-172.88609,253.458037500441
"92",1993,"St. Matthew MTCA",59.82942,-172.91142,941.068583572592
"93",1993,"St. Matthew MTCA",60.00583,-172.62409,1161.8207545855
"94",1993,"St. Matthew MTCA",60.16659,-173.02667,8116.021507978
"95",1993,"St. Matthew MTCA",60.32784,-173.42275,5141.00152701345
"96",1993,"St. Matthew Single",60.66742,-174.13059,126.290751365294
"97",1993,"St. Matthew MTCA",60.3335,-174.10025,696.186898993692
"98",1993,"St. Matthew MTCA",60.15167,-174.34875,549.008854459717
"99",1993,"St. Matthew MTCA",59.99175,-173.94309,1590.60334131119
"100",1993,"St. Matthew MTCA",59.83542,-174.22725,1184.38257646083
"101",1993,"St. Matthew MTCA",59.66925,-173.89117,1482.86354418745
"102",1993,"St. Matthew MTCA",59.33267,-173.79775,1123.19060399291
"103",1993,"St. Matthew Single",59.66084,-175.10859,68.630720676198
"104",1994,"St. Matthew MTCA",59.99942,-171.97134,76.2610663968377
"105",1994,"St. Matthew MTCA",59.8275,-172.25984,76.2610663968377
"106",1994,"St. Matthew MTCA",59.34017,-173.155,355.606758342397
"107",1994,"St. Matthew MTCA",59.67067,-173.23942,615.877023003162
"108",1994,"St. Matthew MTCA",59.84208,-173.59092,1981.96190555209
"109",1994,"St. Matthew MTCA",59.99133,-173.305,1100.41592242852
"110",2003,"St. Matthew MTCA",60.18176,-173.04496,3968.40574124312
"111",2003,"St. Matthew MTCA",59.99981,-172.6445,269.208864461883
"112",2003,"St. Matthew MTCA",59.83509,-172.92525,193.959911488783
"113",2003,"St. Matthew MTCA",59.50097,-172.8834,186.128430870195
"114",2003,"St. Matthew MTCA",59.33531,-173.80345,63.6228777516964
"115",2003,"St. Matthew MTCA",60.00803,-173.96135,63.1587533304924
"116",2003,"St. Matthew MTCA",60.17017,-174.361,65.2623638589407
"117",2004,"St. Matthew MTCA",60.16645,-172.31456,428.74560071124
"118",2004,"St. Matthew MTCA",60.17731,-173.02265,2011.41739335005
"119",2004,"St. Matthew MTCA",59.82276,-172.90225,70.4230076408478
"120",2004,"St. Matthew MTCA",59.66164,-173.2383,72.3869580644541
"121",2004,"St. Matthew MTCA",59.8417,-174.2492,220.429714710478
"122",2004,"St. Matthew MTCA",60.18214,-174.35076,136.880324886851
"123",2004,"St. Matthew MTCA",60.33464,-174.06246,68.0439544363385
"124",2012,"St. Matthew MTCA",59.83696,-172.2527,78.1416439018017
"125",2012,"St. Matthew MTCA",59.98923,-172.58551,167.405483794511
"126",2012,"St. Matthew MTCA",60.17367,-172.32455,1227.11283136117
"127",2011,"St. Matthew Single",60.66428,-174.81323,73.4737116505432
"128",2011,"St. Matthew Single",60.66931,-172.74899,12654.7533098135
"129",2011,"St. Matthew Single",60.67305,-173.46653,234.986993501312
"130",2011,"St. Matthew Single",60.6755,-174.12588,151.089195063536
"131",2011,"St. Matthew MTCA",60.336,-174.0685,282.265546875464
"132",2011,"St. Matthew MTCA",59.99787,-174.59017,708.460681556645
"133",2011,"St. Matthew MTCA",59.66256,-174.44754,146.645685140858
"134",2011,"St. Matthew Single",59.33851,-174.43978,76.7731884242986
"135",2011,"St. Matthew Single",59.00718,-173.08456,1067.22325481469
"136",2011,"St. Matthew Single",59.01338,-173.7274,71.548230975173
"137",2011,"St. Matthew MTCA",59.33986,-173.15702,63.6777179241014
"138",1979,"St. Matthew Single",59.67084,-172.5125,108.511493690567
"139",1980,"St. Matthew Single",59.66717,-172.59425,94.9612902935001
"140",1980,"St. Matthew Single",59.66658,-173.25825,405.140825255062
"141",1980,"St. Matthew Single",59.65417,-173.85425,713.878985856283
"142",1980,"St. Matthew Single",59.34017,-173.76975,265.02697312996
"143",1980,"St. Matthew Single",59.3305,-173.12325,196.008570630192
"144",1980,"St. Matthew Single",58.99275,-173.10675,96.1620995009025
"145",1980,"St. Matthew Single",60.02133,-171.95484,94.3562384774114
"146",1980,"St. Matthew Single",60.32025,-172.07984,2781.60755955538
"147",1980,"St. Matthew Single",60.661,-172.86959,971.765568143186
"148",1980,"St. Matthew Single",60.66383,-173.493,868.091949524538
"149",1980,"St. Matthew Single",60.66525,-174.16534,263.45534001839
"150",1980,"St. Matthew Single",59.99725,-175.23542,330.24683467094
"151",1980,"St. Matthew Single",60.016,-174.60517,1266.21158597074
"152",1980,"St. Matthew Single",60.33925,-174.685,98.004285315096
"153",1994,"St. Matthew MTCA",60.33175,-173.41759,429.914442367464
"154",1994,"St. Matthew Single",60.66859,-173.46484,524.543992621344
"155",1994,"St. Matthew Single",60.67133,-172.76433,950.1930668886
"156",1994,"St. Matthew MTCA",59.99359,-174.5905,68.7274855133678
"157",1994,"St. Matthew MTCA",59.65917,-174.45275,437.222483884848
"158",1994,"St. Matthew Single",59.30642,-174.48725,68.295993068902
"159",1994,"St. Matthew MTCA",60.33142,-172.05092,609.185639027375
"160",1994,"St. Matthew MTCA",60.1675,-172.33467,1882.3964308722
"161",1994,"St. Matthew MTCA",60.00292,-172.65875,770.24221657936
"162",1994,"St. Matthew MTCA",59.84259,-172.90684,658.26609940574
"163",1994,"St. Matthew MTCA",59.66667,-172.56442,78.7059732225197
"164",1994,"St. Matthew MTCA",59.50034,-172.8795,145.070867633602
"165",1994,"St. Matthew MTCA",59.33784,-173.79759,567.946001440143
"166",1994,"St. Matthew MTCA",59.48925,-173.51175,1615.17458749369
"167",1994,"St. Matthew MTCA",59.66,-173.8695,457.445306356049
"168",1994,"St. Matthew MTCA",59.8275,-174.22309,516.18643358951
"169",1994,"St. Matthew MTCA",59.99842,-173.9545,884.285318976113
"170",1994,"St. Matthew MTCA",60.12734,-173.74558,792.441079799862
"171",2004,"St. Matthew MTCA",60.33364,-172.06295,198.241981471479
"172",2004,"St. Matthew MTCA",59.9865,-172.60505,204.077579929482
"173",2004,"St. Matthew Single",60.67954,-173.4673,132.618764791842
"174",2004,"St. Matthew MTCA",60.00197,-173.95326,61.6398993202172
"175",2004,"St. Matthew MTCA",59.49905,-173.499,64.9259954545273
"176",2004,"St. Matthew MTCA",59.66341,-173.85485,63.6514932218025
"177",2004,"St. Matthew MTCA",59.83266,-173.58535,252.066687414777
"178",2004,"St. Matthew MTCA",60.12438,-173.77496,63.8462868095728
"179",2004,"St. Matthew MTCA",60.44501,-173.46255,2090.90324383343
"180",2011,"St. Matthew MTCA",59.50354,-173.49058,1505.56280373441
"181",2011,"St. Matthew MTCA",59.66458,-173.86953,450.981872248497
"182",2011,"St. Matthew MTCA",59.83808,-174.25024,817.925336040303
"183",2011,"St. Matthew MTCA",59.99358,-173.95188,808.811575590119
"184",2011,"St. Matthew MTCA",60.16561,-174.35217,439.875312412836
"185",2011,"St. Matthew MTCA",60.12566,-173.76866,73.8275257054454
"186",2011,"St. Matthew MTCA",60.33388,-173.42349,803.67968959574
"187",2011,"St. Matthew MTCA",60.17872,-173.02409,1890.85887930511
"188",2011,"St. Matthew MTCA",60.3324,-172.06321,654.87604946347
"189",2011,"St. Matthew MTCA",59.99979,-171.97314,71.9776418023307
"190",2011,"St. Matthew Single",59.33787,-171.83029,69.798513833521
"191",2011,"St. Matthew MTCA",59.49877,-172.8456,653.284338898059
"192",2011,"St. Matthew MTCA",59.6736,-173.25028,866.845953440279
"193",2011,"St. Matthew MTCA",59.83403,-173.56176,360.228999812489
"194",2011,"St. Matthew MTCA",60.00383,-173.26305,320.814843430699
"195",2011,"St. Matthew MTCA",59.82541,-172.89496,145.696563557858
"196",2011,"St. Matthew MTCA",60.16189,-172.3268,1050.45545111425
"197",2010,"St. Matthew Single",60.6653,-174.81792,69.5865202404698
"198",2010,"St. Matthew Single",60.99961,-174.18356,67.1452750470235
"199",2010,"St. Matthew Single",60.99451,-173.49159,64.5604171840062
"200",1980,"St. Matthew Single",60.31758,-174.06775,221.81340413058
"201",1980,"St. Matthew Single",59.99925,-173.90608,477.303313213979
"202",1980,"St. Matthew Single",60.00992,-173.28892,463.924654805673
"203",1980,"St. Matthew Single",60.32783,-173.37442,13105.8714982603
"204",1980,"St. Matthew Single",59.993,-172.61108,425.030669395228
"205",1983,"St. Matthew MTCA",60.34367,-172.04142,557.007418286871
"206",1983,"St. Matthew MTCA",60.16325,-172.24975,1944.69726893485
"207",1983,"St. Matthew MTCA",59.36059,-173.13734,232.569056107086
"208",1983,"St. Matthew MTCA",59.53959,-173.3995,234.141924237577
"209",1983,"St. Matthew MTCA",59.77009,-173.24767,1307.5977597321
"210",1983,"St. Matthew MTCA",59.86167,-173.554,299.01318486918
"211",1983,"St. Matthew MTCA",60.01908,-173.331,213.448675717531
"212",1983,"St. Matthew MTCA",60.19975,-173.61392,432.470817208914
"213",1983,"St. Matthew MTCA",60.345,-173.375,7454.40878929892
"214",1983,"St. Matthew Single",60.67884,-173.42192,1452.60171719787
"215",1983,"St. Matthew Single",61.00142,-173.487,81.2602966020404
"216",1983,"St. Matthew MTCA",59.68125,-174.4395,73.32470789595
"217",1983,"St. Matthew MTCA",59.99592,-174.59525,147.432447732648
"218",1983,"St. Matthew MTCA",60.32875,-174.70992,74.2451544756366
"219",1983,"St. Matthew Single",60.66034,-174.75217,78.1721409499157
"220",1994,"St. Matthew MTCA",60.16709,-174.33125,625.170467664699
"221",1994,"St. Matthew MTCA",60.32375,-174.09409,459.292867502552
"222",1994,"St. Matthew Single",60.6525,-175.41858,68.7767619329462
"223",1994,"St. Matthew Single",60.33142,-175.38084,68.3803568492364
"224",1994,"St. Matthew Single",61.0205,-174.18542,117.038162172078
"225",1995,"St. Matthew MTCA",60.34421,-172.05582,827.73126874296
"226",1995,"St. Matthew MTCA",59.3467,-173.15156,133.535638166076
"227",1995,"St. Matthew MTCA",59.65995,-173.21884,515.809044944717
"228",1995,"St. Matthew MTCA",59.82664,-172.9305,127.244938830838
"229",1995,"St. Matthew Single",60.6589,-173.46737,209.885273086877
"230",1995,"St. Matthew Single",60.6724,-174.1109,124.712806919254
"231",1995,"St. Matthew Single",60.67724,-174.79326,61.4622819299708
"232",1995,"St. Matthew Single",60.67317,-175.45185,59.1040661026009
"233",1995,"St. Matthew MTCA",60.34644,-174.7294,201.658395419335
"234",1995,"St. Matthew MTCA",60.18242,-174.37662,209.610556230454
"235",1995,"St. Matthew MTCA",60.01303,-174.59758,260.959422890131
"236",1995,"St. Matthew MTCA",59.85202,-174.25357,504.124714725729
"237",1995,"St. Matthew Single",59.33238,-174.44322,85.2549965119594
"238",2010,"St. Matthew Single",60.67411,-173.46319,220.772278881184
"239",2010,"St. Matthew Single",60.6803,-172.79411,17076.4915291799
"240",2010,"St. Matthew Single",60.33246,-175.39281,76.4372044164607
"241",2010,"St. Matthew Single",59.9989,-175.24837,142.981556770998
"242",2010,"St. Matthew MTCA",59.995,-174.59497,283.379414369079
"243",2010,"St. Matthew MTCA",59.83377,-174.22529,70.9662579986637
"244",2010,"St. Matthew MTCA",59.99982,-173.95973,2670.21965632943
"245",2010,"St. Matthew MTCA",60.1739,-174.34983,1106.841756757
"246",2010,"St. Matthew MTCA",60.33058,-174.07532,63.9684216786623
"247",2010,"St. Matthew MTCA",60.29426,-173.38143,725.076426943254
"248",2010,"St. Matthew MTCA",60.12934,-173.76431,1071.78730063955
"249",2010,"St. Matthew MTCA",59.83077,-173.58089,272.604768374118
"250",2010,"St. Matthew MTCA",59.83173,-172.91776,139.011325211881
"251",2010,"St. Matthew MTCA",59.99815,-173.24361,170.680303721523
"252",2010,"St. Matthew MTCA",60.15715,-172.988,1823.08125237612
"253",2010,"St. Matthew MTCA",60.16153,-172.32524,2336.41731984041
"254",2010,"St. Matthew MTCA",59.988,-172.57871,69.6985701450645
"255",2010,"St. Matthew MTCA",59.83152,-172.27506,273.935668861785
"256",2010,"St. Matthew MTCA",59.6713,-172.55824,418.443589696511
"257",2010,"St. Matthew MTCA",59.50719,-172.90406,540.430619492983
"258",2010,"St. Matthew MTCA",59.66353,-173.25308,335.436477395938
"259",1984,"St. Matthew MTCA",59.99884,-171.97433,317.017401578913
"260",1984,"St. Matthew MTCA",60.1695,-172.28442,802.337607851705
"261",1984,"St. Matthew MTCA",60.33717,-172.07775,197.426063564197
"262",1984,"St. Matthew Single",60.99417,-173.49258,79.368989965517
"263",1984,"St. Matthew Single",60.67067,-174.11984,86.3542557996492
"264",1984,"St. Matthew Single",60.6695,-173.46334,320.020935298672
"265",1984,"St. Matthew MTCA",60.345,-173.4075,1362.01994214717
"266",1984,"St. Matthew MTCA",60.14892,-173.58725,238.879444032268
"267",1984,"St. Matthew MTCA",60.004,-173.29992,306.556853254386
"268",1984,"St. Matthew MTCA",59.82884,-173.5795,394.216817097221
"269",1984,"St. Matthew MTCA",59.66942,-173.22575,143.366648910672
"270",1984,"St. Matthew MTCA",59.50167,-173.493,302.031220799651
"271",1984,"St. Matthew MTCA",59.34508,-173.17492,350.07473593136
"272",1985,"St. Matthew Single",60.65992,-173.47433,143.580603436864
"273",1985,"St. Matthew MTCA",60.33375,-174.728,74.7992161710797
"274",1985,"St. Matthew MTCA",60.002,-174.613,77.3227472434677
"275",1985,"St. Matthew MTCA",59.32234,-173.15275,71.2585847240134
"276",1985,"St. Matthew MTCA",59.51175,-173.49392,71.3897147327065
"277",1985,"St. Matthew MTCA",59.66275,-173.24642,142.644773641245
"278",1985,"St. Matthew MTCA",59.82992,-173.58408,147.484599963258
"279",1985,"St. Matthew MTCA",59.99809,-173.30692,471.60468401426
"280",1995,"St. Matthew Single",59.01675,-174.39384,848.312981494813
"281",1995,"St. Matthew MTCA",60.01156,-171.96371,137.415629060374
"282",1995,"St. Matthew MTCA",60.30617,-173.39892,1817.21235174853
"283",1995,"St. Matthew MTCA",60.16009,-173.027,1988.38536318357
"284",1995,"St. Matthew MTCA",60.00442,-173.27084,1438.95880037495
"285",1995,"St. Matthew MTCA",59.66835,-174.44529,115.250107555124
"286",1995,"St. Matthew MTCA",59.33405,-172.50123,73.6595755408621
"287",1995,"St. Matthew MTCA",59.67358,-172.56634,104.531656279817
"288",1995,"St. Matthew MTCA",59.83909,-172.24115,67.8660764053364
"289",1995,"St. Matthew MTCA",60.00646,-172.63783,281.985188150817
"290",1995,"St. Matthew MTCA",60.16819,-172.32536,209.063312559633
"291",1995,"St. Matthew Single",60.67221,-172.78002,886.79094260472
"292",1995,"St. Matthew MTCA",60.3279,-174.05562,362.274893483682
"293",1995,"St. Matthew MTCA",60.12788,-173.74479,282.687181314367
"294",1995,"St. Matthew MTCA",60.00728,-173.94447,283.271802878289
"295",1995,"St. Matthew MTCA",59.83374,-173.57403,654.945132381334
"296",1995,"St. Matthew MTCA",59.66063,-173.8653,355.295343146412
"297",1995,"St. Matthew MTCA",59.50573,-173.48315,869.723591385883
"298",1995,"St. Matthew MTCA",59.33321,-173.79514,505.791250019498
"299",1995,"St. Matthew Single",58.99319,-173.70441,200.051116256528
"300",1995,"St. Matthew Single",59.00615,-174.99989,679.911932342829
"301",2010,"St. Matthew MTCA",59.50496,-173.52946,1055.13110630554
"302",2010,"St. Matthew MTCA",59.66751,-173.84999,2202.07197142248
"303",2010,"St. Matthew MTCA",59.66551,-174.4784,138.459027990103
"304",2010,"St. Matthew MTCA",59.33722,-173.80012,138.658620007835
"305",2010,"St. Matthew MTCA",59.33198,-173.17054,69.7611517801535
"306",2010,"St. Matthew MTCA",59.33328,-172.49443,145.2224292062
"307",2010,"St. Matthew Single",59.33459,-175.09661,317.823236044845
"308",2010,"St. Matthew MTCA",60.33939,-172.0657,219.51537298768
"309",2010,"St. Matthew Single",58.99771,-173.08992,202.698530463796
"310",2010,"St. Matthew Single",59.00231,-174.39045,66.2927879791425
"311",2010,"St. Matthew Single",59.01266,-175.00103,529.788132146794
"312",2009,"St. Matthew Single",61.00075,-174.88056,62.8611039949005
"313",2009,"St. Matthew MTCA",60.33617,-174.71295,63.2289237631255
"314",2009,"St. Matthew MTCA",60.33909,-174.0699,435.187856459926
"315",2009,"St. Matthew MTCA",60.12851,-173.7782,324.450610307944
"316",2009,"St. Matthew MTCA",60.00823,-173.9361,306.936370459071
"317",2009,"St. Matthew MTCA",60.00555,-173.3196,239.24174950058
"318",2009,"St. Matthew MTCA",59.84354,-173.57775,1029.81390135487
"319",2009,"St. Matthew MTCA",59.66873,-173.8493,1167.40235334216
"320",2009,"St. Matthew MTCA",59.53519,-173.48715,841.650636133899
"321",1985,"St. Matthew MTCA",60.16433,-173.55442,320.837665607005
"322",1985,"St. Matthew MTCA",60.32833,-173.42309,1068.6907679967
"323",1985,"St. Matthew MTCA",60.33317,-172.043,456.219148710552
"324",1985,"St. Matthew MTCA",60.16667,-172.2475,159.783009311288
"325",1985,"St. Matthew MTCA",59.81609,-172.24292,71.3896998737183
"326",1986,"St. Matthew MTCA",60.16775,-172.99717,713.901139465057
"327",1986,"St. Matthew MTCA",60.00092,-172.62975,158.16361987691
"328",1986,"St. Matthew MTCA",59.82192,-172.909,75.163286297306
"329",1987,"St. Matthew MTCA",60.17792,-173.02075,1927.74992131621
"330",1987,"St. Matthew Single",60.66667,-172.75609,219.391511289846
"331",1987,"St. Matthew Single",60.6575,-173.44558,240.757664890781
"332",1995,"St. Matthew Single",59.67124,-175.09622,65.5885029137546
"333",1995,"St. Matthew Single",60.33644,-175.38778,140.006619080727
"334",1996,"St. Matthew MTCA",60.16416,-172.33192,2189.21355265725
"335",1996,"St. Matthew Single",60.67053,-172.78512,3050.65133665484
"336",1996,"St. Matthew Single",60.66943,-173.46783,76.5674959308644
"337",1996,"St. Matthew MTCA",60.13363,-173.73435,4104.86748888459
"338",1996,"St. Matthew MTCA",59.98975,-173.28325,1774.36207584044
"339",1996,"St. Matthew MTCA",59.8304,-173.57406,701.525066768329
"340",1996,"St. Matthew MTCA",59.66859,-173.24516,974.398496708169
"341",1996,"St. Matthew MTCA",59.49628,-173.49644,504.185358906352
"342",1996,"St. Matthew MTCA",59.3391,-173.15543,282.736856883188
"343",1996,"St. Matthew MTCA",59.49405,-172.8638,425.601775392971
"344",1996,"St. Matthew MTCA",59.32874,-172.50476,67.9600761473789
"345",1996,"St. Matthew Single",58.9986,-173.07707,137.356468545328
"346",1996,"St. Matthew MTCA",60.00294,-171.95844,223.781048794717
"347",1996,"St. Matthew MTCA",59.65956,-174.41469,73.0431624611912
"348",1996,"St. Matthew MTCA",60.00898,-174.60488,204.550913805928
"349",2009,"St. Matthew MTCA",59.33659,-173.7893,161.811394590122
"350",2009,"St. Matthew Single",59.00494,-173.72189,63.2503582554875
"351",2009,"St. Matthew Single",59.32602,-175.09765,134.079267351309
"352",2009,"St. Matthew Single",60.6643,-175.4479,63.4119441953396
"353",2009,"St. Matthew MTCA",60.17297,-174.35575,392.365676659809
"354",2009,"St. Matthew MTCA",59.99394,-174.60501,256.35892534262
"355",2009,"St. Matthew MTCA",59.8386,-174.2351,63.3496851870663
"356",2009,"St. Matthew MTCA",59.67266,-174.44795,64.8819849780611
"357",2009,"St. Matthew MTCA",59.65437,-173.24135,1021.77857224251
"358",2009,"St. Matthew MTCA",59.50864,-172.8803,820.606687423253
"359",2009,"St. Matthew MTCA",59.66911,-172.5709,593.14588842896
"360",2009,"St. Matthew MTCA",59.82524,-172.9048,337.787978247522
"361",2009,"St. Matthew MTCA",60.00324,-172.63955,326.491416964076
"362",2009,"St. Matthew Single",60.66663,-174.1229,203.938198174745
"363",2009,"St. Matthew Single",61.00292,-174.18131,269.889950690766
"364",2009,"St. Matthew Single",60.99569,-173.51971,61.3177685162313
"365",2009,"St. Matthew Single",60.66695,-171.4465,120.03551104221
"366",2009,"St. Matthew MTCA",59.33275,-173.14725,263.539327374429
"367",1987,"St. Matthew MTCA",60.33009,-174.08459,138.458002353659
"368",1987,"St. Matthew MTCA",60.15658,-174.35892,72.6598082348538
"369",1987,"St. Matthew MTCA",60.34092,-174.72725,140.950824795901
"370",1987,"St. Matthew MTCA",59.97792,-173.87734,292.823447300525
"371",1987,"St. Matthew MTCA",59.64209,-173.854,141.062827328271
"372",1988,"St. Matthew MTCA",59.829,-172.92984,93.7289350352093
"373",1988,"St. Matthew MTCA",59.99409,-172.63475,463.9722240965
"374",1988,"St. Matthew MTCA",60.16483,-173.00575,2311.11870256244
"375",1988,"St. Matthew Single",60.67509,-172.83217,294.944441569603
"376",1988,"St. Matthew Single",60.9965,-174.13767,89.287868325297
"377",1988,"St. Matthew MTCA",60.17142,-174.34175,449.999733045893
"378",1988,"St. Matthew MTCA",59.99467,-173.9435,536.306377310419
"379",1988,"St. Matthew MTCA",59.8195,-174.22492,179.999893218357
"380",1988,"St. Matthew MTCA",59.66367,-173.89084,85.4550232459671
"381",1996,"St. Matthew MTCA",60.33321,-172.06771,221.168883092029
"382",1996,"St. Matthew MTCA",60.16113,-172.995,2959.03480720582
"383",1996,"St. Matthew MTCA",60.00273,-172.65671,508.220919739776
"384",1996,"St. Matthew MTCA",59.84141,-172.8989,314.931629025519
"385",1996,"St. Matthew MTCA",59.66286,-172.56509,290.179304126509
"386",1996,"St. Matthew MTCA",59.84243,-172.24889,62.9578729421739
"387",1996,"St. Matthew Single",59.29616,-174.45334,140.36632196312
"388",1996,"St. Matthew MTCA",59.33746,-173.79087,189.814129794378
"389",1996,"St. Matthew MTCA",59.64943,-173.87269,809.002204715889
"390",1996,"St. Matthew MTCA",59.84245,-174.23525,668.678867103904
"391",1996,"St. Matthew MTCA",59.99538,-173.94907,1349.52263540906
"392",1996,"St. Matthew MTCA",60.1746,-174.35586,575.270592033486
"393",1996,"St. Matthew MTCA",60.32578,-174.08528,1850.93408496858
"394",1996,"St. Matthew Single",60.67413,-174.13099,182.640080090834
"395",1997,"St. Matthew MTCA",59.67202,-174.45415,69.3386219347978
"396",1997,"St. Matthew MTCA",60.00593,-174.60381,65.6666673419652
"397",1997,"St. Matthew MTCA",60.16315,-174.35568,141.987858136507
"398",2016,"St. Matthew MTCA",59.33469,-173.79611,65.3200780128714
"399",2016,"St. Matthew MTCA",60.00261,-174.61691,66.4680810037244
"400",2016,"St. Matthew MTCA",60.32543,-174.71722,74.0588347466707
"401",2016,"St. Matthew MTCA",60.16795,-174.35762,75.3822800721347
"402",2016,"St. Matthew MTCA",59.99884,-173.93573,651.595579070434
"403",2016,"St. Matthew MTCA",59.83263,-174.24263,165.885868646839
"404",2016,"St. Matthew MTCA",59.67519,-173.86403,146.736817467946
"405",2016,"St. Matthew MTCA",60.00524,-173.26903,1101.55648492918
"406",2009,"St. Matthew MTCA",59.66451,-171.9029,131.239965228939
"407",2009,"St. Matthew MTCA",59.83705,-172.2552,251.589491008823
"408",2009,"St. Matthew MTCA",59.97726,-171.94516,66.4265559359642
"409",2009,"St. Matthew MTCA",60.16271,-172.32646,913.69496472645
"410",2009,"St. Matthew MTCA",60.15839,-172.97915,5035.81498740456
"411",2009,"St. Matthew MTCA",60.29568,-173.3789,1423.67966629352
"412",2009,"St. Matthew Single",60.68798,-173.46806,1040.29322994982
"413",2009,"St. Matthew Single",60.66155,-172.74375,3069.13424059533
"414",2009,"St. Matthew MTCA",60.33262,-172.0654,1661.41638513495
"415",2009,"St. Matthew MTCA",59.33556,-172.4792,128.530201218434
"416",2008,"St. Matthew MTCA",60.1701,-174.3529,139.156964941088
"417",2008,"St. Matthew Single",60.66133,-175.4394,63.7496926550998
"418",2008,"St. Matthew Single",61.00365,-174.18695,68.0158708525338
"419",2008,"St. Matthew Single",60.66852,-174.11645,66.9342079453913
"420",2008,"St. Matthew MTCA",60.33398,-174.0699,124.356356095518
"421",2008,"St. Matthew MTCA",60.11261,-173.7719,491.974169926298
"422",2008,"St. Matthew MTCA",60.00204,-173.95105,601.469941666694
"423",1989,"St. Matthew MTCA",59.6665,-172.56025,111.736905819839
"424",1989,"St. Matthew MTCA",59.83467,-172.86009,1784.90363541476
"425",1989,"St. Matthew MTCA",60.00208,-172.63342,946.709263870775
"426",1989,"St. Matthew MTCA",60.17375,-172.97359,5086.06352054583
"427",1989,"St. Matthew Single",60.66509,-172.77817,79.7839677019927
"428",1989,"St. Matthew MTCA",60.33084,-174.05425,917.391936480167
"429",1989,"St. Matthew MTCA",60.008,-173.95025,277.682299506329
"430",1990,"St. Matthew MTCA",59.66609,-171.90042,65.1600778157013
"431",1990,"St. Matthew MTCA",59.84617,-172.21492,79.5300775932046
"432",1990,"St. Matthew MTCA",59.98792,-171.97342,113.29462034578
"433",1990,"St. Matthew MTCA",60.1805,-172.32142,4406.90064829793
"434",1990,"St. Matthew MTCA",60.32792,-172.03917,341.55037759523
"435",1997,"St. Matthew MTCA",60.33246,-174.06262,1117.40409509838
"436",1997,"St. Matthew MTCA",60.11849,-173.75298,1365.14683969102
"437",1997,"St. Matthew MTCA",60.00113,-173.95805,817.928865526875
"438",1997,"St. Matthew MTCA",59.82401,-174.253,200.836051494413
"439",1997,"St. Matthew MTCA",59.6622,-173.86285,891.427738523848
"440",1997,"St. Matthew MTCA",59.49241,-173.49465,1241.81777109275
"441",1997,"St. Matthew MTCA",59.33395,-173.16317,676.548255035025
"442",1997,"St. Matthew Single",59.33611,-174.45434,70.5632610815034
"443",1997,"St. Matthew MTCA",59.99977,-172.64969,745.646929486135
"444",1997,"St. Matthew MTCA",60.16657,-172.31621,1654.43497226399
"445",1997,"St. Matthew MTCA",59.99171,-171.96048,76.7183797750246
"446",1997,"St. Matthew MTCA",60.33652,-172.07186,219.385477166464
"447",1997,"St. Matthew MTCA",59.83952,-173.59055,1016.1707496905
"448",1997,"St. Matthew MTCA",59.83259,-172.92087,1389.96963502501
"449",1997,"St. Matthew MTCA",59.6779,-173.23172,407.64805549274
"450",1997,"St. Matthew MTCA",59.50675,-172.89908,181.568223510716
"451",1997,"St. Matthew MTCA",59.6746,-172.57683,74.637180149998
"452",2016,"St. Matthew MTCA",60.29165,-173.38087,761.094546308718
"453",2016,"St. Matthew MTCA",60.17422,-173.00682,213.287441307087
"454",2016,"St. Matthew MTCA",59.82522,-172.93907,154.720007826986
"455",2016,"St. Matthew MTCA",59.66667,-173.23944,70.8601630629351
"456",2016,"St. Matthew MTCA",60.33673,-172.05441,151.457380721312
"457",2016,"St. Matthew MTCA",59.98936,-172.60247,373.893994452546
"458",2016,"St. Matthew MTCA",60.16958,-172.32835,4058.48812209734
"459",2016,"St. Matthew Single",60.65522,-172.7349,1167.10469956656
"460",2015,"St. Matthew Single",60.66743,-173.47683,68.0044688964473
"461",2008,"St. Matthew MTCA",60.29898,-173.37921,5072.80164656331
"462",2008,"St. Matthew MTCA",60.17715,-173.02065,5936.27024407585
"463",2008,"St. Matthew MTCA",60.00212,-173.31564,3130.41500749473
"464",2008,"St. Matthew MTCA",59.6734,-173.84415,136.515455525312
"465",2008,"St. Matthew Single",59.00464,-173.73035,67.1568154018779
"466",2008,"St. Matthew MTCA",59.66739,-171.89885,69.0123014001704
"467",2008,"St. Matthew MTCA",59.82885,-172.25621,484.244919156578
"468",2008,"St. Matthew MTCA",60.16385,-172.32925,507.290052249708
"469",2008,"St. Matthew MTCA",60.33308,-172.07005,652.972612678951
"470",2008,"St. Matthew Single",60.66566,-172.74895,931.608338187322
"471",2008,"St. Matthew MTCA",59.66741,-172.55445,69.1670201463603
"472",2008,"St. Matthew MTCA",59.51123,-172.8794,132.574019645554
"473",2008,"St. Matthew MTCA",59.67541,-173.2575,266.130046207228
"474",2008,"St. Matthew MTCA",59.83551,-172.9207,71.5560495714178
"475",2008,"St. Matthew MTCA",59.83265,-173.56095,2145.24928568494
"476",2008,"St. Matthew MTCA",59.98933,-172.58365,202.87591032154
"477",1990,"St. Matthew Single",60.64667,-173.45067,677.736138924428
"478",1990,"St. Matthew MTCA",59.82725,-173.5865,1761.48675138575
"479",1990,"St. Matthew MTCA",59.66634,-173.24825,430.958874140431
"480",1990,"St. Matthew MTCA",59.48317,-173.49925,1380.89599519782
"481",1990,"St. Matthew MTCA",59.32892,-173.16184,103.62160064121
"482",1990,"St. Matthew MTCA",59.65884,-174.44225,120.26717857056
"483",1990,"St. Matthew MTCA",60.16825,-174.34817,425.280926200025
"484",1990,"St. Matthew MTCA",60.36442,-174.69859,115.378570554464
"485",1991,"St. Matthew MTCA",60.16634,-172.32084,6773.07632919329
"486",1991,"St. Matthew MTCA",60.3255,-172.06492,363.338570609948
"487",1991,"St. Matthew Single",60.67384,-173.46959,285.769613818191
"488",1991,"St. Matthew MTCA",60.11917,-173.75475,222.73571896279
"489",1991,"St. Matthew MTCA",59.98908,-173.92834,1176.41748393004
"490",1991,"St. Matthew MTCA",59.82459,-173.60109,1186.03703687126
"491",1991,"St. Matthew MTCA",59.6635,-173.85084,184.995425969135
"492",1991,"St. Matthew MTCA",59.50717,-173.52625,221.605957766551
"493",1997,"St. Matthew Single",59.0098,-173.07381,328.494401481984
"494",1997,"St. Matthew Single",58.99893,-173.7249,72.8998412157105
"495",1997,"St. Matthew Single",60.663,-172.78366,6373.9084690625
"496",1997,"St. Matthew Single",60.6669,-173.45756,581.58557726968
"497",1997,"St. Matthew MTCA",60.44895,-173.464,1361.59670503731
"498",1997,"St. Matthew MTCA",60.16563,-173.02009,5171.10558952012
"499",1997,"St. Matthew MTCA",59.99776,-173.27691,1137.80903273896
"500",1998,"St. Matthew Single",60.99695,-174.17926,126.776477214514
"501",1998,"St. Matthew MTCA",60.00036,-173.94058,63.0210335421333
"502",1998,"St. Matthew MTCA",59.83694,-173.58988,202.587171345124
"503",1998,"St. Matthew MTCA",59.66917,-173.23615,328.076224941039
"504",1998,"St. Matthew MTCA",59.67061,-173.87163,415.2675721501
"505",1998,"St. Matthew MTCA",59.50304,-173.5054,328.09717627192
"506",1998,"St. Matthew MTCA",59.33235,-173.79498,248.971674307496
"507",1998,"St. Matthew MTCA",59.32888,-173.15855,148.724671718918
"508",1998,"St. Matthew MTCA",60.33313,-174.68843,135.189781229703
"509",2015,"St. Matthew Single",59.34116,-174.44407,65.1075644137266
"510",2015,"St. Matthew MTCA",59.34358,-173.82539,65.8465678132703
"511",2015,"St. Matthew MTCA",60.00362,-174.60225,65.7658272054463
"512",2015,"St. Matthew MTCA",60.16136,-174.35255,210.094435821166
"513",2015,"St. Matthew MTCA",60.29155,-173.38106,558.481781813903
"514",2015,"St. Matthew MTCA",59.83128,-173.58991,129.785142638894
"515",2015,"St. Matthew MTCA",59.83406,-174.23447,197.591326681175
"516",2015,"St. Matthew MTCA",59.49344,-173.50716,345.912195312638
"517",2015,"St. Matthew MTCA",59.33755,-173.16693,64.9754835764701
"518",2015,"St. Matthew Single",60.6743,-172.76599,8371.09564703319
"519",2015,"St. Matthew MTCA",60.32675,-172.0631,217.458638448424
"520",2015,"St. Matthew MTCA",60.15898,-172.31558,1311.22674100062
"521",2015,"St. Matthew MTCA",59.99089,-172.59309,77.0030005355837
"522",2015,"St. Matthew MTCA",60.17754,-173.02159,141.486949640465
"523",2015,"St. Matthew MTCA",60.00296,-173.25834,104.393109657142
"524",2015,"St. Matthew MTCA",59.8314,-172.9056,140.701743756584
"525",2008,"St. Matthew MTCA",60.00928,-171.96125,621.033858826634
"526",2007,"St. Matthew Single",60.99869,-174.1709,75.2267545952161
"527",2007,"St. Matthew Single",60.67193,-172.13025,127.062176181166
"528",2007,"St. Matthew Single",60.66121,-172.74285,7059.04180423825
"529",2007,"St. Matthew MTCA",60.32982,-172.0648,280.585107927135
"530",2007,"St. Matthew MTCA",60.1609,-172.3195,434.555988893581
"531",2007,"St. Matthew MTCA",59.97865,-171.94065,70.1703562019037
"532",2007,"St. Matthew MTCA",59.83557,-172.25045,138.698707879111
"533",2007,"St. Matthew MTCA",59.98896,-172.5858,212.760398119482
"534",2007,"St. Matthew MTCA",60.19186,-173.03415,3993.03922874762
"535",2007,"St. Matthew MTCA",59.82845,-172.9263,480.794456617279
"536",2007,"St. Matthew MTCA",59.67241,-172.57214,614.201939282001
"537",2007,"St. Matthew MTCA",59.50358,-172.875,558.383269990014
"538",2007,"St. Matthew MTCA",59.66299,-171.9028,68.9761658609949
"539",2007,"St. Matthew Single",60.9926,-174.88105,66.2332226893222
"540",2007,"St. Matthew MTCA",60.34152,-174.72046,130.998250084501
"541",1991,"St. Matthew MTCA",59.65233,-173.25842,136.223523850596
"542",1991,"St. Matthew MTCA",59.33258,-173.14709,70.3987706362372
"543",1992,"St. Matthew MTCA",59.83567,-172.24934,72.6041826741085
"544",1992,"St. Matthew MTCA",59.3345,-173.15484,95.8209711118846
"545",1992,"St. Matthew MTCA",59.49917,-173.50159,483.207028488348
"546",1992,"St. Matthew MTCA",59.67125,-173.23617,321.54978163742
"547",1992,"St. Matthew MTCA",59.83567,-173.58509,1315.53803337955
"548",1992,"St. Matthew MTCA",60.00059,-173.30325,145.397152428222
"549",1992,"St. Matthew MTCA",60.14217,-173.57092,178.523193740886
"550",1992,"St. Matthew MTCA",60.32492,-173.42025,703.378010080165
"551",1992,"St. Matthew Single",60.66908,-173.47067,213.889815221812
"552",1992,"St. Matthew Single",61.00334,-173.50034,67.1860968931382
"553",1986,"St. Matthew MTCA",60.15684,-172.3035,224.776861451718
"554",1998,"St. Matthew Single",61.00128,-174.88075,64.3866834413168
"555",1998,"St. Matthew Single",60.67076,-174.1367,67.4403927286333
"556",1998,"St. Matthew MTCA",60.33904,-174.08104,198.400649064328
"557",1998,"St. Matthew MTCA",60.15789,-173.78279,2332.15989807915
"558",1998,"St. Matthew MTCA",59.99727,-173.32982,953.398702082901
"559",1998,"St. Matthew MTCA",59.83023,-174.24317,126.080647823891
"560",1998,"St. Matthew MTCA",59.99708,-174.59528,62.4995010882729
"561",1998,"St. Matthew MTCA",60.16338,-174.35203,64.360849885585
"562",1998,"St. Matthew MTCA",59.99975,-171.96344,69.7074304423272
"563",1998,"St. Matthew MTCA",60.33135,-172.06835,816.892960751177
"564",1998,"St. Matthew Single",60.67538,-172.77449,3971.26459363385
"565",1998,"St. Matthew Single",60.67194,-173.47029,419.890555495932
"566",1998,"St. Matthew MTCA",60.3262,-173.42131,1967.70802943281
"567",1998,"St. Matthew MTCA",60.17465,-173.01381,4181.31444011541
"568",1998,"St. Matthew MTCA",60.00521,-172.64633,198.17661978949
"569",1998,"St. Matthew MTCA",60.17073,-172.35086,3959.7234491235
"570",1998,"St. Matthew MTCA",59.83392,-172.86987,318.837223619392
"571",1998,"St. Matthew MTCA",59.66498,-172.57629,318.310405922668
"572",1998,"St. Matthew MTCA",59.49926,-172.89081,177.74971451831
"573",1998,"St. Matthew MTCA",59.33498,-172.5054,86.6787463140846
"574",2015,"St. Matthew MTCA",59.66896,-172.56051,71.6834622850882
"575",2015,"St. Matthew MTCA",59.66664,-173.24187,70.5875562976671
"576",2015,"St. Matthew MTCA",59.49721,-172.87744,68.2714610432382
"577",2005,"St. Matthew MTCA",59.83309,-173.5646,143.781164612755
"578",2005,"St. Matthew Single",60.66991,-173.47065,1152.77767660473
"579",2005,"St. Matthew Single",60.6688,-172.75545,807.109674379633
"580",2005,"St. Matthew MTCA",60.1623,-172.3063,624.318977911878
"581",2007,"St. Matthew MTCA",59.67505,-173.8769,538.462073600088
"582",2007,"St. Matthew MTCA",59.82619,-174.2343,66.592608861426
"583",2007,"St. Matthew MTCA",60.01347,-173.94201,577.807028565991
"584",2007,"St. Matthew MTCA",60.16659,-174.34675,544.663173013363
"585",2007,"St. Matthew MTCA",60.32879,-174.0697,356.559766357229
"586",2007,"St. Matthew Single",60.65918,-174.1095,140.715926685534
"587",2007,"St. Matthew Single",60.68026,-173.4684,798.983979636804
"588",2007,"St. Matthew MTCA",60.31713,-173.40205,1023.71503610031
"589",2007,"St. Matthew MTCA",60.11491,-173.78076,498.302909755472
"590",2007,"St. Matthew MTCA",60.01141,-173.31305,438.664090447678
"591",2007,"St. Matthew MTCA",59.84254,-173.56765,1137.62425491829
"592",2007,"St. Matthew MTCA",59.66442,-173.22561,1355.52890079267
"593",2007,"St. Matthew MTCA",59.51135,-173.50185,1940.49875529582
"594",2007,"St. Matthew MTCA",59.33507,-173.16195,797.711928750901
"595",2007,"St. Matthew MTCA",59.32854,-173.8014,150.443877578514
"596",1981,"St. Matthew Single",60.34192,-172.05375,911.723550045779
"597",1981,"St. Matthew Single",60.66609,-172.77567,64.3098960376537
"598",1981,"St. Matthew Single",59.99934,-171.96359,272.506574128806
"599",1986,"St. Matthew MTCA",60.34992,-172.05117,152.797904626457
"600",1986,"St. Matthew Single",60.66125,-173.46867,470.913611057336
"601",1986,"St. Matthew MTCA",60.3285,-173.37467,2125.49213121236
"602",1986,"St. Matthew MTCA",60.00934,-173.28409,218.497635430901
"603",1986,"St. Matthew MTCA",59.83242,-173.58367,72.7860432626933
"604",1986,"St. Matthew MTCA",59.49784,-173.48417,77.6105490322151
"605",1986,"St. Matthew MTCA",60.009,-173.95508,74.4841124040631
"606",1986,"St. Matthew MTCA",60.18634,-174.33817,145.052186216367
"607",1986,"St. Matthew MTCA",59.98984,-174.59109,107.56663030642
"608",1986,"St. Matthew MTCA",60.31684,-174.70808,214.005190880018
"609",1986,"St. Matthew Single",60.00333,-175.27525,72.9449760702353
"610",1999,"St. Matthew Single",60.65356,-172.74685,69.1599407972767
"611",1999,"St. Matthew MTCA",59.81725,-173.57331,304.679223515632
"612",1999,"St. Matthew MTCA",59.64969,-173.24131,244.149544804758
"613",1999,"St. Matthew MTCA",59.47296,-172.9384,57.6375116647342
"614",1999,"St. Matthew MTCA",59.33984,-173.13045,127.757925525408
"615",1999,"St. Matthew MTCA",59.30245,-172.49146,59.2262516894368
"616",1999,"St. Matthew MTCA",60.30015,-173.3784,772.928447644062
"617",1999,"St. Matthew MTCA",59.49461,-173.4516,116.874873164118
"618",1999,"St. Matthew MTCA",59.84212,-174.25915,122.269954815432
"619",1999,"St. Matthew MTCA",60.34868,-174.69725,121.973381685654
"620",1999,"St. Matthew Single",60.67102,-173.46561,149.291591365038
"621",1999,"St. Matthew MTCA",59.34145,-173.8043,140.892433349943
"622",2005,"St. Matthew MTCA",60.1606,-174.35915,65.3303449026813
"623",2005,"St. Matthew MTCA",60.33153,-174.06985,112.84650259068
"624",2005,"St. Matthew Single",61.00397,-174.16225,63.3582675464406
"625",2005,"St. Matthew MTCA",60.32676,-172.0637,289.018523995621
"626",2005,"St. Matthew MTCA",60.16144,-172.9872,1349.14446222048
"627",2005,"St. Matthew MTCA",60.00502,-173.31556,413.216594135219
"628",2005,"St. Matthew MTCA",60.0087,-171.9586,129.070384060702
"629",2014,"St. Matthew Single",60.67098,-172.75961,5180.03419714505
"630",2014,"St. Matthew MTCA",60.29035,-173.37544,1665.0484153185
"631",1981,"St. Matthew Single",59.65542,-172.57509,194.108884848456
"632",1981,"St. Matthew Single",59.32883,-172.50309,65.5262111277743
"633",1981,"St. Matthew Single",58.99725,-172.44309,70.0037553121116
"634",1981,"St. Matthew Single",59.33133,-175.09517,210.011265936335
"635",1981,"St. Matthew Single",59.33692,-174.45642,140.939513283704
"636",1981,"St. Matthew Single",59.33767,-173.79783,139.037009820918
"637",1981,"St. Matthew Single",59.00092,-173.09067,141.936850621652
"638",1981,"St. Matthew Single",59.32042,-173.08392,334.064203996437
"639",1981,"St. Matthew Single",59.69859,-173.26084,208.555514731377
"640",1981,"St. Matthew Single",59.678,-173.90709,265.48271955356
"641",1981,"St. Matthew Single",59.66734,-174.44192,414.389754170861
"642",1981,"St. Matthew Single",59.6655,-175.11284,336.185994988652
"643",1981,"St. Matthew Single",59.99442,-175.23017,136.253287064403
"644",1981,"St. Matthew Single",60.0035,-173.94342,129.405923232304
"645",1981,"St. Matthew Single",60.00334,-173.295,1617.5740404038
"646",1981,"St. Matthew Single",59.99567,-172.62492,3523.4878320926
"647",1981,"St. Matthew Single",60.33417,-174.07767,76.2200887838271
"648",1981,"St. Matthew Single",60.31992,-174.7075,69.0649590284769
"649",1981,"St. Matthew Single",60.653,-175.44067,367.431974468893
"650",1981,"St. Matthew Single",60.67342,-174.79284,228.660266351481
"651",1981,"St. Matthew Single",60.68442,-174.117,65.1231107175556
"652",1981,"St. Matthew Single",60.68034,-173.44784,596.401320687223
"653",1985,"St. Matthew MTCA",59.5045,-172.89384,136.42821900891
"654",1985,"St. Matthew MTCA",59.829,-172.92125,76.2072741073122
"655",1985,"St. Matthew MTCA",60.00509,-172.64233,878.812410708775
"656",1985,"St. Matthew MTCA",60.163,-173.03134,1016.637106951
"657",1985,"St. Matthew Single",61.00492,-172.819,75.7133678158634
"658",1985,"St. Matthew Single",60.66567,-174.14017,70.3822271339539
"659",1985,"St. Matthew MTCA",60.15925,-174.37084,495.215589858302
"660",1985,"St. Matthew MTCA",59.99367,-173.94184,750.355204549003
"661",1985,"St. Matthew MTCA",59.82892,-174.22092,620.009451189911
"662",1985,"St. Matthew MTCA",59.66067,-173.86575,554.698210299776
"663",1988,"St. Matthew MTCA",60.305,-172.09233,802.632770472323
"664",1988,"St. Matthew MTCA",60.16767,-172.31817,1655.65592251324
"665",1988,"St. Matthew MTCA",59.52292,-173.44059,299.782061542017
"666",1988,"St. Matthew MTCA",59.65134,-173.19283,76.9227179838287
"667",1999,"St. Matthew MTCA",60.00799,-173.9527,217.2982709377
"668",1999,"St. Matthew Single",60.99979,-171.502,128.743079735232
"669",1999,"St. Matthew Single",60.99657,-173.50251,73.9639850709377
"670",1999,"St. Matthew MTCA",60.17129,-173.04215,795.681392660555
"671",1999,"St. Matthew MTCA",60.00176,-172.62271,281.223577794704
"672",1999,"St. Matthew MTCA",59.6653,-172.55645,69.3816653326448
"673",1999,"St. Matthew MTCA",59.84225,-172.26185,75.5269128479636
"674",1999,"St. Matthew MTCA",60.33485,-172.0614,64.2287953515219
"675",1999,"St. Matthew MTCA",60.16596,-172.33846,372.245711107127
"676",1999,"St. Matthew MTCA",59.8302,-172.92395,72.5606304462396
"677",2000,"St. Matthew MTCA",60.17791,-173.03915,1203.27812842993
"678",2000,"St. Matthew MTCA",59.66418,-172.56675,67.6862727108547
"679",2000,"St. Matthew MTCA",59.83612,-172.9097,76.5611944253904
"680",2000,"St. Matthew MTCA",59.99169,-172.6389,103.147174395695
"681",2000,"St. Matthew MTCA",60.29961,-173.3828,1090.94865397571
"682",2000,"St. Matthew Single",60.67317,-173.43926,237.47061618857
"683",2014,"St. Matthew MTCA",60.12482,-173.77432,72.6169948695021
"684",2014,"St. Matthew MTCA",60.332,-174.07029,70.5344218903232
"685",2014,"St. Matthew MTCA",60.16876,-174.35091,204.661235118716
"686",2014,"St. Matthew MTCA",59.99947,-174.60301,211.520762470781
"687",2014,"St. Matthew MTCA",59.84308,-174.24659,133.030604421969
"688",2014,"St. Matthew MTCA",59.9987,-173.95604,545.33498103393
"689",2014,"St. Matthew MTCA",60.00428,-173.26583,1904.27451449745
"690",2014,"St. Matthew MTCA",60.1697,-173.00492,362.801878151199
"691",2014,"St. Matthew MTCA",60.15949,-172.32464,2332.56839348677
"692",2014,"St. Matthew MTCA",59.82765,-172.25905,69.3910194111783
"693",2014,"St. Matthew MTCA",59.98442,-172.56285,144.906584085581
"694",2014,"St. Matthew MTCA",59.6657,-172.57744,71.8046365838874
"695",2014,"St. Matthew MTCA",59.33251,-172.50173,74.3696399296834
"696",2014,"St. Matthew MTCA",59.83658,-173.56644,352.405634973022
"697",2014,"St. Matthew MTCA",59.66823,-173.87046,194.702030019743
"698",2014,"St. Matthew MTCA",59.66792,-173.23412,410.603490930343
"699",2014,"St. Matthew MTCA",59.49608,-172.87602,602.755494839306
"700",2014,"St. Matthew MTCA",60.0009,-171.96772,298.461639124301
"701",2014,"St. Matthew MTCA",60.32955,-172.05945,232.84651027233
"702",1982,"St. Matthew Single",59.33334,-172.50225,604.093707203342
"703",1982,"St. Matthew Single",59.67167,-172.57234,1157.32209606421
"704",1982,"St. Matthew Single",60.00508,-172.65892,1658.18704368575
"705",1982,"St. Matthew Single",60.32417,-174.064,688.125180617296
"706",1982,"St. Matthew Single",60.00084,-173.95284,550.465225303986
"707",1982,"St. Matthew Single",59.66684,-173.87925,2097.87913484726
"708",1983,"St. Matthew MTCA",59.3335,-172.49859,73.0744948487691
"709",1983,"St. Matthew MTCA",59.50375,-172.80492,423.317393725041
"710",1983,"St. Matthew MTCA",59.83575,-172.87533,226.345894668225
"711",1983,"St. Matthew MTCA",59.961,-172.72959,314.617674273004
"712",1983,"St. Matthew MTCA",60.17167,-172.995,5060.70463721823
"713",1983,"St. Matthew Single",60.99417,-172.8015,73.9542776259241
"714",1983,"St. Matthew MTCA",59.33192,-173.80275,73.3317562346613
"715",1983,"St. Matthew MTCA",59.64258,-173.87608,431.181288178491
"716",1983,"St. Matthew MTCA",59.83292,-174.23867,660.752575598728
"717",1983,"St. Matthew MTCA",60.00009,-173.95184,1468.33905688606
"718",1983,"St. Matthew MTCA",60.16583,-174.34992,1457.26369426356
"719",1983,"St. Matthew MTCA",60.331,-174.06683,143.844916382443
"720",1983,"St. Matthew Single",60.66775,-174.1275,73.577726237724
"721",1988,"St. Matthew MTCA",59.88058,-173.55475,227.381925168186
"722",1988,"St. Matthew MTCA",60.0645,-173.33809,1538.25748756453
"723",1988,"St. Matthew MTCA",60.3355,-173.39125,1841.76712411727
"724",1988,"St. Matthew Single",60.68875,-173.51909,346.539343598953
"725",1989,"St. Matthew MTCA",60.339,-172.07584,157.672667678875
"726",1989,"St. Matthew MTCA",60.16284,-172.32267,2490.29084665401
"727",1989,"St. Matthew MTCA",59.99908,-171.97775,421.890021214678
"728",1989,"St. Matthew MTCA",59.80342,-172.2365,1185.96394291324
"729",1989,"St. Matthew MTCA",59.49792,-173.45192,503.907571548879
"730",1989,"St. Matthew MTCA",59.67392,-173.26125,437.632887854674
"731",1989,"St. Matthew MTCA",59.84058,-173.52342,1769.17026165482
"732",1989,"St. Matthew MTCA",60.00092,-173.3025,3120.84612352897
"733",1989,"St. Matthew MTCA",60.166,-173.54909,11896.4349766096
"734",1989,"St. Matthew MTCA",60.31909,-173.42242,1231.571649284
"735",1989,"St. Matthew Single",60.68458,-173.51184,491.203733492349
"736",1989,"St. Matthew MTCA",60.14867,-174.32842,157.04857968007
"737",1989,"St. Matthew MTCA",59.83833,-174.21358,538.87762557361
"738",2000,"St. Matthew Single",60.66791,-172.78431,370.376345000193
"739",2000,"St. Matthew MTCA",60.33258,-174.065,67.0253148074129
"740",2000,"St. Matthew MTCA",60.12741,-173.7693,219.889645342195
"741",2000,"St. Matthew MTCA",60.01076,-173.31301,179.200596951776
"742",2000,"St. Matthew MTCA",59.8335,-173.5812,205.122144701889
"743",2000,"St. Matthew MTCA",59.66581,-173.2391,71.825128334412
"744",2000,"St. Matthew MTCA",59.66799,-173.8689,72.2581640163868
"745",2000,"St. Matthew MTCA",59.49799,-173.50486,149.142770120215
"746",2000,"St. Matthew MTCA",59.83161,-172.2512,131.11277861948
"747",2000,"St. Matthew MTCA",59.99067,-171.98661,378.706778633165
"748",2000,"St. Matthew MTCA",60.16613,-172.34129,465.788379120013
"749",2000,"St. Matthew MTCA",60.34626,-172.0638,213.081710939894
"750",2000,"St. Matthew Single",60.66404,-172.10555,66.485541708967
"751",2006,"St. Matthew MTCA",60.33116,-174.71635,72.3583707745056
"752",2006,"St. Matthew MTCA",59.99918,-173.94645,767.474975872467
"753",2006,"St. Matthew MTCA",60.18022,-174.3505,202.870394500049
"754",2006,"St. Matthew MTCA",60.33646,-174.0719,354.060687584065
"755",2006,"St. Matthew Single",60.65927,-172.74236,218.255822154338
"756",2006,"St. Matthew MTCA",60.17765,-173.01905,1343.95992429423
"757",2006,"St. Matthew MTCA",60.16234,-172.32705,333.159528169982
"758",2006,"St. Matthew MTCA",59.82428,-172.90085,139.644536294172
"759",2006,"St. Matthew MTCA",59.67122,-172.5425,117.240784147188
"760",2006,"St. Matthew MTCA",59.67017,-173.88626,67.0531747589971
"761",2006,"St. Matthew MTCA",59.83252,-174.22345,72.29408614181
"762",2006,"St. Matthew MTCA",59.50668,-172.8759,130.402264427313
"763",2006,"St. Matthew Single",60.33092,-171.3772,68.8979582688094
"764",1983,"St. Matthew Single",60.99484,-174.19084,73.0744948487691
"765",1983,"St. Matthew Single",60.666,-175.44559,72.85333230852
"766",1983,"St. Matthew Single",60.33225,-175.38809,73.245907772668
"767",1984,"St. Matthew Single",60.66934,-172.71609,85.2670348732598
"768",1984,"St. Matthew MTCA",59.50267,-172.79725,151.410622347179
"769",1984,"St. Matthew MTCA",59.673,-172.55959,150.808191640992
"770",1984,"St. Matthew MTCA",59.83875,-172.90458,74.5912155462061
"771",1984,"St. Matthew MTCA",59.9905,-172.65142,161.991116180835
"772",1984,"St. Matthew MTCA",60.1705,-172.96209,2652.56599398133
"773",1984,"St. Matthew MTCA",60.32183,-174.12392,72.6445867947553
"774",1984,"St. Matthew MTCA",60.17484,-174.41375,510.875624409847
"775",1984,"St. Matthew MTCA",60.00009,-173.99442,218.593176214116
"776",1984,"St. Matthew MTCA",59.846,-174.22708,291.849725371483
"777",1984,"St. Matthew MTCA",59.661,-173.87084,590.678945085421
"778",1984,"St. Matthew MTCA",59.3325,-173.8465,104.345963562228
"779",1984,"St. Matthew Single",59.327,-174.45842,149.049869365745
"780",1984,"St. Matthew MTCA",59.66508,-174.46134,222.02503342588
"781",1989,"St. Matthew MTCA",59.66709,-173.87842,155.942082274809
"782",1989,"St. Matthew MTCA",60.01934,-174.60342,69.2770224361274
"783",1990,"St. Matthew Single",60.6745,-172.78559,507.747070314798
"784",1990,"St. Matthew MTCA",60.17142,-173.03083,3440.74098665198
"785",1990,"St. Matthew MTCA",59.98733,-172.68325,704.986675845909
"786",1990,"St. Matthew MTCA",59.79342,-172.83667,742.995526689118
"787",1990,"St. Matthew MTCA",59.49642,-172.77442,76.7355659161909
"788",1990,"St. Matthew MTCA",59.35809,-173.80475,133.416450423752
"789",1990,"St. Matthew MTCA",59.70542,-173.89542,142.712904082187
"790",1990,"St. Matthew MTCA",59.84567,-174.15617,358.713249650987
"791",1990,"St. Matthew MTCA",60.03559,-173.94567,865.471112773972
"792",2000,"St. Matthew MTCA",59.99979,-174.61845,65.8862366651499
"793",2001,"St. Matthew MTCA",59.50411,-172.87576,358.909094600017
"794",2001,"St. Matthew MTCA",59.66702,-172.5637,290.103047425159
"795",2001,"St. Matthew MTCA",59.83148,-172.9097,1055.6779721708
"796",2001,"St. Matthew MTCA",60.00113,-172.63165,80.2880449410332
"797",2001,"St. Matthew MTCA",60.1871,-173.03075,1675.94189957708
"798",2001,"St. Matthew MTCA",60.00172,-173.30655,378.89482138489
"799",2001,"St. Matthew MTCA",60.16741,-173.5709,1020.37812790798
"800",2001,"St. Matthew MTCA",60.33349,-173.42426,541.531410849155
"801",2006,"St. Matthew Single",61.00553,-173.5009,67.6129057779353
"802",2006,"St. Matthew Single",60.67532,-173.4684,361.744752347064
"803",2006,"St. Matthew MTCA",60.29598,-173.37855,4050.71048294035
"804",2006,"St. Matthew MTCA",60.12065,-173.7638,409.389615059015
"805",2006,"St. Matthew MTCA",59.99787,-173.2764,916.509767721659
"806",2006,"St. Matthew MTCA",59.8376,-173.5822,3008.4355460897
"807",2006,"St. Matthew MTCA",59.67214,-173.2407,463.383414823461
"808",2006,"St. Matthew MTCA",59.66719,-171.89075,64.0480979063308
"809",2006,"St. Matthew MTCA",59.83636,-172.2531,129.610297228243
"810",2006,"St. Matthew MTCA",59.99321,-171.9592,136.873111892201
"811",2006,"St. Matthew MTCA",60.33155,-172.0651,67.8204962137945
"812",2013,"St. Matthew Single",58.99572,-175.02576,55.6516279850344
"813",2013,"St. Matthew Single",59.33211,-175.10956,134.893468942907
"814",2013,"St. Matthew MTCA",59.67058,-174.4537,69.911635645256
"815",2013,"St. Matthew MTCA",60.29622,-173.37991,1893.76631189649
"816",2013,"St. Matthew MTCA",60.17635,-173.01953,373.321664829635
"817",2013,"St. Matthew MTCA",60.16278,-172.32795,140.59918595188
"818",1984,"St. Matthew MTCA",60.33309,-174.73184,285.601778147507
"819",1984,"St. Matthew Single",59.99142,-175.28175,436.199741232486
"820",1984,"St. Matthew Single",59.66817,-175.191,287.01497413025
"821",1979,"St. Matthew Single",59.4625,-174.8525,94.9612902935001
"822",1980,"St. Matthew Single",59.33567,-174.45142,128.773594114252
"823",1976,"St. Matthew Single",58.85,-175.13333,311.266728982715
"824",1976,"St. Matthew Single",59.01667,-174.25,167.573968891549
"825",1976,"St. Matthew Single",59.18333,-172.06667,72.6274508802825
"826",1976,"St. Matthew Single",59.65,-173.1,136.185662197384
"827",1976,"St. Matthew Single",59.68333,-173.75,290.50980352113
"828",1976,"St. Matthew Single",59.33333,-174.38333,60.5156144407393
"829",1976,"St. Matthew Single",59.35,-173.75,233.427372015532
"830",1976,"St. Matthew Single",59.35,-173.05,64.0911875938452
"831",1991,"St. Matthew MTCA",59.52467,-172.87175,329.244443990614
"832",1991,"St. Matthew MTCA",59.6765,-172.62075,59.6850593199475
"833",1991,"St. Matthew MTCA",59.84925,-172.87717,95.3233286968831
"834",1991,"St. Matthew MTCA",59.99459,-172.65375,252.154325359659
"835",1991,"St. Matthew MTCA",60.17125,-173.01975,6253.85871487261
"836",1991,"St. Matthew Single",60.69367,-172.77267,778.676470683423
"837",1991,"St. Matthew Single",60.97208,-174.16367,215.059070496971
"838",1991,"St. Matthew Single",60.66408,-174.11734,130.211263068365
"839",1991,"St. Matthew MTCA",60.37625,-174.29775,72.2549004154714
"840",1991,"St. Matthew MTCA",60.30092,-174.62534,73.1214456551155
"841",1991,"St. Matthew MTCA",60.13042,-174.41192,283.064510414443
"842",1991,"St. Matthew MTCA",59.98109,-174.587,73.5763120390566
"843",1991,"St. Matthew MTCA",59.82992,-174.27875,751.669167612062
"844",1991,"St. Matthew MTCA",59.5795,-174.42209,2128.43904469665
"845",1991,"St. Matthew Single",59.31392,-174.28775,591.647652179942
"846",1991,"St. Matthew MTCA",59.27492,-173.85067,141.671447500264
"847",1991,"St. Matthew Single",59.00509,-173.72033,147.999182541486
"848",1991,"St. Matthew Single",59.05442,-174.37534,411.352100061887
"849",1991,"St. Matthew Single",60.70867,-174.78417,158.892998796559
"850",1991,"St. Matthew Single",61.0225,-174.88658,287.953966648349
"851",2001,"St. Matthew MTCA",60.33841,-172.05641,148.705205108467
"852",2001,"St. Matthew MTCA",60.1615,-172.32585,525.019209700544
"853",2001,"St. Matthew MTCA",59.83462,-172.25275,138.705856546478
"854",2001,"St. Matthew MTCA",59.99692,-171.96355,72.431796380628
"855",2001,"St. Matthew MTCA",59.33401,-173.1514,73.2682869737285
"856",2001,"St. Matthew MTCA",59.66641,-173.2323,629.044922654347
"857",2001,"St. Matthew MTCA",59.83458,-173.58011,654.719363634712
"858",2001,"St. Matthew Single",60.66728,-172.78521,395.947525865011
"859",2002,"St. Matthew MTCA",59.6679,-172.5737,70.8109899022193
"860",2002,"St. Matthew MTCA",59.99653,-172.6398,300.392780708903
"861",2002,"St. Matthew MTCA",60.1688,-172.33345,359.433459508721
"862",2002,"St. Matthew Single",60.66948,-172.7994,181.995039582229
"863",2002,"St. Matthew Single",61.0056,-174.18615,69.6770258638653
"864",2013,"St. Matthew Single",60.33745,-175.38624,67.3207798600937
"865",2013,"St. Matthew MTCA",60.01186,-174.60775,466.082131035011
"866",2013,"St. Matthew Single",60.99418,-174.18045,145.07785369505
"867",2013,"St. Matthew MTCA",60.33859,-174.07474,273.8286378941
"868",2013,"St. Matthew MTCA",59.83204,-174.23475,211.356482914414
"869",2013,"St. Matthew MTCA",59.99741,-173.94251,138.95990563395
"870",2013,"St. Matthew MTCA",60.12606,-173.76639,92.565894938013
"871",2013,"St. Matthew MTCA",60.00554,-173.27098,285.004662015079
"872",2013,"St. Matthew MTCA",59.829,-173.58677,274.138182561016
"873",2013,"St. Matthew MTCA",59.65993,-173.87004,138.227973577899
"874",2013,"St. Matthew MTCA",59.49776,-173.50272,274.211400424006
"875",2013,"St. Matthew MTCA",59.33256,-173.79354,68.6226797636861
"876",2013,"St. Matthew Single",58.9925,-173.70962,207.977083999155
"877",2013,"St. Matthew MTCA",59.98886,-172.58311,73.8093126131858
"878",2013,"St. Matthew MTCA",59.83139,-172.92008,71.3758643827323
"879",2013,"St. Matthew MTCA",59.68225,-173.24139,193.018282397153
"880",2013,"St. Matthew MTCA",59.50137,-172.8854,62.027206676879
"881",2013,"St. Matthew MTCA",59.33133,-173.14486,66.8730533820067
"882",2013,"St. Matthew Single",58.99929,-173.06505,73.4386882256763
"883",1982,"St. Matthew Single",59.65884,-171.89117,72.2378337241177
"884",1982,"St. Matthew Single",59.97784,-171.9635,503.861913331778
"885",1982,"St. Matthew Single",60.37725,-172.16825,2185.1656109657
"886",1982,"St. Matthew Single",60.6695,-172.74958,147.446650987543
"887",1982,"St. Matthew Single",60.64617,-173.35692,659.334146516008
"888",1982,"St. Matthew Single",60.31308,-173.395,10376.2264030437
"889",1982,"St. Matthew Single",59.97159,-173.28059,2295.88210880257
"890",1982,"St. Matthew Single",59.33617,-173.1845,668.011008987827
"891",1982,"St. Matthew Single",59.68658,-173.25875,1960.34925215139
"892",1982,"St. Matthew Single",60.021,-174.58284,1780.46801618681
"893",1982,"St. Matthew Single",60.34225,-174.72459,689.082497190799
"894",1982,"St. Matthew Single",60.99592,-175.56792,125.979499486416
"895",1982,"St. Matthew Single",60.65109,-175.49334,60.25427939051
"896",1987,"St. Matthew MTCA",60.34683,-172.069,528.800803617036
"897",1987,"St. Matthew MTCA",60.16959,-172.30442,1440.68388771309
"898",1987,"St. Matthew MTCA",60.01392,-171.97775,258.050504174746
"899",1987,"St. Matthew MTCA",59.83809,-172.23759,208.256843570459
"900",1992,"St. Matthew MTCA",60.33142,-172.06783,390.823560906603
"901",1992,"St. Matthew MTCA",60.17133,-172.33008,1652.85358025992
"902",1992,"St. Matthew MTCA",59.99909,-172.61175,2264.29064540046
"903",1992,"St. Matthew MTCA",60.15725,-173.02917,4604.0576456476
"904",1992,"St. Matthew MTCA",59.79867,-172.8475,608.512313453328
"905",1992,"St. Matthew MTCA",59.66634,-172.56175,69.0961386923667
"906",1992,"St. Matthew MTCA",59.49417,-172.85867,324.009899608175
"907",1992,"St. Matthew Single",58.98742,-173.71775,633.503248245945
"908",1992,"St. Matthew MTCA",59.33759,-173.80217,845.459739679449
"909",1992,"St. Matthew MTCA",59.67125,-173.8695,524.889476246791
"910",1992,"St. Matthew MTCA",59.83475,-174.23642,581.762517204595
"911",1992,"St. Matthew MTCA",60.00034,-173.9525,817.977306163696
"912",1992,"St. Matthew MTCA",60.16842,-174.35567,403.750653717352
"913",1992,"St. Matthew MTCA",60.33409,-174.06775,388.81187952981
"914",1992,"St. Matthew Single",60.66809,-172.76684,1510.84990981877
"915",1992,"St. Matthew Single",61.00184,-174.18342,66.5241496263531
"916",1992,"St. Matthew Single",60.66133,-174.81675,64.801979921635
"917",1992,"St. Matthew MTCA",60.33209,-174.7155,201.875326858676
"918",1992,"St. Matthew MTCA",59.99692,-174.6015,424.990714614698
"919",1992,"St. Matthew MTCA",59.67175,-174.44809,246.260557659519
"920",1992,"St. Matthew Single",59.32959,-174.45017,430.955975904158
"921",2002,"St. Matthew Single",60.99544,-172.1721,60.9974087339356
"922",2002,"St. Matthew MTCA",60.33369,-172.0677,147.32551688477
"923",2002,"St. Matthew MTCA",59.82337,-172.90026,207.873246574766
"924",2002,"St. Matthew MTCA",60.00433,-173.3106,272.403923526233
"925",2002,"St. Matthew MTCA",60.17521,-173.01781,445.751556245703
"926",2002,"St. Matthew MTCA",60.33099,-173.42865,794.467784978932
"927",2002,"St. Matthew Single",60.67645,-173.49386,68.3213565485885
"928",2002,"St. Matthew MTCA",60.16066,-173.57285,653.450964519138
"929",2002,"St. Matthew MTCA",59.67212,-173.84345,60.4382447860462
"930",2017,"St. Matthew Single",60.66409,-175.46869,69.0229048410765
"931",2017,"St. Matthew MTCA",59.99051,-173.94197,77.2117762481514
"932",2017,"St. Matthew MTCA",59.8355,-174.23115,294.837229414561
"933",2017,"St. Matthew MTCA",59.66321,-173.87824,152.1006584778
"934",2017,"St. Matthew MTCA",59.83035,-172.92197,142.292272163045
"935",2017,"St. Matthew Single",60.66782,-172.74432,1748.15183315905
"936",2017,"St. Matthew MTCA",60.16668,-172.33478,144.287461450284
"937",2017,"St. Matthew MTCA",60.17716,-173.02194,350.948594074109
"938",2017,"St. Matthew MTCA",59.99877,-173.33656,171.161042061195
"939",2017,"St. Matthew MTCA",59.83518,-173.59114,138.595027138806
"940",2017,"St. Matthew MTCA",59.6686,-173.23837,129.964202964154
"941",2017,"St. Matthew MTCA",59.5015,-172.8889,66.8089105571595
"942",2017,"St. Matthew MTCA",59.49745,-173.50613,73.6829015753678
